Timestamp,RequestHits
2015-07-24 13:04:25,0
2015-07-24 13:04:26,0
2015-07-24 13:04:27,0
2015-07-24 13:04:28,0
2015-07-24 13:04:29,0
2015-07-24 13:04:30,0
2015-07-24 13:04:31,0
2015-07-24 13:04:32,0
2015-07-24 13:04:33,0
2015-07-24 13:04:34,0
2015-07-24 13:04:35,0
2015-07-24 13:04:36,0
2015-07-24 13:04:37,0
2015-07-24 13:04:38,0
2015-07-24 13:04:39,0
2015-07-24 13:04:41,0
2015-07-24 13:04:42,0
2015-07-24 13:04:43,0
2015-07-24 13:04:44,0
2015-07-24 13:04:45,0
2015-07-24 13:04:46,0
2015-07-24 13:04:47,0
2015-07-24 13:04:50,0
2015-07-24 13:04:51,0
2015-07-24 13:04:52,0
2015-07-24 13:04:53,0
2015-07-24 13:04:54,0
2015-07-24 13:04:55,0
2015-07-24 13:04:56,0
2015-07-24 13:04:57,0
2015-07-24 13:04:59,0
2015-07-24 13:05:00,0
2015-07-24 13:05:01,0
2015-07-24 13:05:02,0
2015-07-24 13:05:05,0
2015-07-24 13:05:06,0
2015-07-24 13:05:08,0
2015-07-24 13:05:09,0
2015-07-24 13:05:11,0
2015-07-24 13:05:12,0
2015-07-24 13:05:14,396
2015-07-24 13:05:15,753
2015-07-24 13:05:16,768
2015-07-24 13:05:17,546
2015-07-24 13:05:18,352
2015-07-24 13:05:19,219
2015-07-24 13:05:20,387
2015-07-24 13:05:21,257
2015-07-24 13:05:22,310
2015-07-24 13:05:23,364
2015-07-24 13:05:24,287
2015-07-24 13:05:25,311
2015-07-24 13:05:26,323
2015-07-24 13:05:27,231
2015-07-24 13:05:28,297
2015-07-24 13:05:29,311
2015-07-24 13:05:30,252
2015-07-24 13:05:31,321
2015-07-24 13:05:32,324
2015-07-24 13:05:33,281
2015-07-24 13:05:34,323
2015-07-24 13:05:35,341
2015-07-24 13:05:36,291
2015-07-24 13:05:37,351
2015-07-24 13:05:38,338
2015-07-24 13:05:39,290
2015-07-24 13:05:40,343
2015-07-24 13:05:41,349
2015-07-24 13:05:42,287
2015-07-24 13:05:43,327
2015-07-24 13:05:44,341
2015-07-24 13:05:45,285
2015-07-24 13:05:46,336
2015-07-24 13:05:47,327
2015-07-24 13:05:48,280
2015-07-24 13:05:49,335
2015-07-24 13:05:50,330
2015-07-24 13:05:51,281
2015-07-24 13:05:52,329
2015-07-24 13:05:53,330
2015-07-24 13:05:54,288
2015-07-24 13:05:55,333
2015-07-24 13:05:56,330
2015-07-24 13:05:57,139
2015-07-24 13:05:58,24
2015-07-24 13:05:59,46
2015-07-24 13:06:00,964
2015-07-24 13:06:01,408
2015-07-24 13:06:02,325
2015-07-24 13:06:03,298
2015-07-24 13:06:04,340
2015-07-24 13:06:05,307
2015-07-24 13:06:06,316
2015-07-24 13:06:07,330
2015-07-24 13:06:08,303
2015-07-24 13:06:09,320
2015-07-24 13:06:10,326
2015-07-24 13:06:11,307
2015-07-24 13:06:12,314
2015-07-24 13:06:13,286
2015-07-24 13:06:14,352
2015-07-24 13:06:15,315
2015-07-24 13:06:16,347
2015-07-24 13:06:17,287
2015-07-24 13:06:18,310
2015-07-24 13:06:19,341
2015-07-24 13:06:20,311
2015-07-24 13:06:21,324
2015-07-24 13:06:22,344
2015-07-24 13:06:23,304
2015-07-24 13:06:24,334
2015-07-24 13:06:25,334
2015-07-24 13:06:26,304
2015-07-24 13:06:27,334
2015-07-24 13:06:28,324
2015-07-24 13:06:29,286
2015-07-24 13:06:30,343
2015-07-24 13:06:32,310
2015-07-24 13:06:33,297
2015-07-24 13:06:34,342
2015-07-24 13:06:35,323
2015-07-24 13:06:36,295
2015-07-24 13:06:37,351
2015-07-24 13:06:38,305
2015-07-24 13:06:39,305
2015-07-24 13:06:40,353
2015-07-24 13:06:41,315
2015-07-24 13:06:42,295
2015-07-24 13:06:43,348
2015-07-24 13:06:44,316
2015-07-24 13:06:45,291
2015-07-24 13:06:46,346
2015-07-24 13:06:47,321
2015-07-24 13:06:48,291
2015-07-24 13:06:49,345
2015-07-24 13:06:50,332
2015-07-24 13:06:51,289
2015-07-24 13:06:52,338
2015-07-24 13:06:53,335
2015-07-24 13:06:54,295
2015-07-24 13:06:55,335
2015-07-24 13:06:56,345
2015-07-24 13:06:57,293
2015-07-24 13:06:58,330
2015-07-24 13:06:59,344
2015-07-24 13:07:00,294
2015-07-24 13:07:01,325
2015-07-24 13:07:02,344
2015-07-24 13:07:03,291
2015-07-24 13:07:04,328
2015-07-24 13:07:05,349
2015-07-24 13:07:06,290
2015-07-24 13:07:07,333
2015-07-24 13:07:08,350
2015-07-24 13:07:09,297
2015-07-24 13:07:10,328
2015-07-24 13:07:11,354
2015-07-24 13:07:12,295
2015-07-24 13:07:13,332
2015-07-24 13:07:14,367
2015-07-24 13:07:15,286
2015-07-24 13:07:16,337
2015-07-24 13:07:17,368
2015-07-24 13:07:18,277
2015-07-24 13:07:19,331
2015-07-24 13:07:20,374
2015-07-24 13:07:21,279
2015-07-24 13:07:22,326
2015-07-24 13:07:23,377
2015-07-24 13:07:24,273
2015-07-24 13:07:25,324
2015-07-24 13:07:26,378
2015-07-24 13:07:27,277
2015-07-24 13:07:28,323
2015-07-24 13:07:29,377
2015-07-24 13:07:30,279
2015-07-24 13:07:31,322
2015-07-24 13:07:32,362
2015-07-24 13:07:33,299
2015-07-24 13:07:34,350
2015-07-24 13:07:35,436
2015-07-24 13:07:36,308
2015-07-24 13:07:37,313
2015-07-24 13:07:38,368
2015-07-24 13:07:39,306
2015-07-24 13:07:40,334
2015-07-24 13:07:41,388
2015-07-24 13:07:42,292
2015-07-24 13:07:43,314
2015-07-24 13:07:44,377
2015-07-24 13:07:45,303
2015-07-24 13:07:46,311
2015-07-24 13:07:47,382
2015-07-24 13:07:48,288
2015-07-24 13:07:49,308
2015-07-24 13:07:50,388
2015-07-24 13:07:51,285
2015-07-24 13:07:52,311
2015-07-24 13:07:53,385
2015-07-24 13:07:54,297
2015-07-24 13:07:55,311
2015-07-24 13:07:56,390
2015-07-24 13:07:57,297
2015-07-24 13:07:58,310
2015-07-24 13:07:59,394
2015-07-24 13:08:00,290
2015-07-24 13:08:01,314
2015-07-24 13:08:02,371
2015-07-24 13:08:03,296
2015-07-24 13:08:04,312
2015-07-24 13:08:05,379
2015-07-24 13:08:06,285
2015-07-24 13:08:07,324
2015-07-24 13:08:08,374
2015-07-24 13:08:09,295
2015-07-24 13:08:10,325
2015-07-24 13:08:11,370
2015-07-24 13:08:12,294
2015-07-24 13:08:13,317
2015-07-24 13:08:14,381
2015-07-24 13:08:15,301
2015-07-24 13:08:16,312
2015-07-24 13:08:17,380
2015-07-24 13:08:18,308
2015-07-24 13:08:19,303
2015-07-24 13:08:20,374
2015-07-24 13:08:21,291
2015-07-24 13:08:22,300
2015-07-24 13:08:23,368
2015-07-24 13:08:24,290
2015-07-24 13:08:25,313
2015-07-24 13:08:26,364
2015-07-24 13:08:27,301
2015-07-24 13:08:28,307
2015-07-24 13:08:29,356
2015-07-24 13:08:30,304
2015-07-24 13:08:31,309
2015-07-24 13:08:32,360
2015-07-24 13:08:33,303
2015-07-24 13:08:34,314
2015-07-24 13:08:35,361
2015-07-24 13:08:36,308
2015-07-24 13:08:37,303
2015-07-24 13:08:38,362
2015-07-24 13:08:39,308
2015-07-24 13:08:40,298
2015-07-24 13:08:41,359
2015-07-24 13:08:42,302
2015-07-24 13:08:43,298
2015-07-24 13:08:44,359
2015-07-24 13:08:45,307
2015-07-24 13:08:46,301
2015-07-24 13:08:47,360
2015-07-24 13:08:48,304
2015-07-24 13:08:49,301
2015-07-24 13:08:50,363
2015-07-24 13:08:51,314
2015-07-24 13:08:52,297
2015-07-24 13:08:53,388
2015-07-24 13:08:54,321
2015-07-24 13:08:55,295
2015-07-24 13:08:56,387
2015-07-24 13:08:57,307
2015-07-24 13:08:58,285
2015-07-24 13:08:59,378
2015-07-24 13:09:00,305
2015-07-24 13:09:01,287
2015-07-24 13:09:02,371
2015-07-24 13:09:03,306
2015-07-24 13:09:04,306
2015-07-24 13:09:05,369
2015-07-24 13:09:06,312
2015-07-24 13:09:07,288
2015-07-24 13:09:08,389
2015-07-24 13:09:09,315
2015-07-24 13:09:10,288
2015-07-24 13:09:11,404
2015-07-24 13:09:12,304
2015-07-24 13:09:13,296
2015-07-24 13:09:14,399
2015-07-24 13:09:15,299
2015-07-24 13:09:16,286
2015-07-24 13:09:17,379
2015-07-24 13:09:18,292
2015-07-24 13:09:19,286
2015-07-24 13:09:20,383
2015-07-24 13:09:21,299
2015-07-24 13:09:22,286
2015-07-24 13:09:23,385
2015-07-24 13:09:24,304
2015-07-24 13:09:25,285
2015-07-24 13:09:26,390
2015-07-24 13:09:27,297
2015-07-24 13:09:28,297
2015-07-24 13:09:29,389
2015-07-24 13:09:30,308
2015-07-24 13:09:31,298
2015-07-24 13:09:32,382
2015-07-24 13:09:33,297
2015-07-24 13:09:34,289
2015-07-24 13:09:35,378
2015-07-24 13:09:36,317
2015-07-24 13:09:37,281
2015-07-24 13:09:38,379
2015-07-24 13:09:39,303
2015-07-24 13:09:40,289
2015-07-24 13:09:41,376
2015-07-24 13:09:42,311
2015-07-24 13:09:43,287
2015-07-24 13:09:44,379
2015-07-24 13:09:45,322
2015-07-24 13:09:46,284
2015-07-24 13:09:47,387
2015-07-24 13:09:48,323
2015-07-24 13:09:49,288
2015-07-24 13:09:50,376
2015-07-24 13:09:51,315
2015-07-24 13:09:52,285
2015-07-24 13:09:53,333
2015-07-24 13:09:54,340
2015-07-24 13:09:55,284
2015-07-24 13:09:56,361
2015-07-24 13:09:57,315
2015-07-24 13:09:58,287
2015-07-24 13:09:59,365
2015-07-24 13:10:00,327
2015-07-24 13:10:01,282
2015-07-24 13:10:02,360
2015-07-24 13:10:03,323
2015-07-24 13:10:04,294
2015-07-24 13:10:05,357
2015-07-24 13:10:06,313
2015-07-24 13:10:07,300
2015-07-24 13:10:08,359
2015-07-24 13:10:09,334
2015-07-24 13:10:10,292
2015-07-24 13:10:11,352
2015-07-24 13:10:12,329
2015-07-24 13:10:13,317
2015-07-24 13:10:14,362
2015-07-24 13:10:15,367
2015-07-24 13:10:16,302
2015-07-24 13:10:17,344
2015-07-24 13:10:18,360
2015-07-24 13:10:19,298
2015-07-24 13:10:20,328
2015-07-24 13:10:21,342
2015-07-24 13:10:22,314
2015-07-24 13:10:23,343
2015-07-24 13:10:24,342
2015-07-24 13:10:25,309
2015-07-24 13:10:26,349
2015-07-24 13:10:27,347
2015-07-24 13:10:28,324
2015-07-24 13:10:29,338
2015-07-24 13:10:30,328
2015-07-24 13:10:31,323
2015-07-24 13:10:32,348
2015-07-24 13:10:33,331
2015-07-24 13:10:34,252
2015-07-24 13:10:35,85
2015-07-24 13:10:36,313
2015-07-24 13:10:37,460
2015-07-24 13:10:38,460
2015-07-24 13:10:39,389
2015-07-24 13:10:40,301
2015-07-24 13:10:41,346
2015-07-24 13:10:42,334
2015-07-24 13:10:43,296
2015-07-24 13:10:44,357
2015-07-24 13:10:45,328
2015-07-24 13:10:47,324
2015-07-24 13:10:48,349
2015-07-24 13:10:49,340
2015-07-24 13:10:50,358
2015-07-24 13:10:51,317
2015-07-24 13:10:52,340
2015-07-24 13:10:53,340
2015-07-24 13:10:54,289
2015-07-24 13:10:55,344
2015-07-24 13:10:56,339
2015-07-24 13:10:57,286
2015-07-24 13:10:58,335
2015-07-24 13:10:59,331
2015-07-24 13:11:00,303
2015-07-24 13:11:01,337
2015-07-24 13:11:02,364
2015-07-24 13:11:03,285
2015-07-24 13:11:04,321
2015-07-24 13:11:05,378
2015-07-24 13:11:06,279
2015-07-24 13:11:07,334
2015-07-24 13:11:08,354
2015-07-24 13:11:09,294
2015-07-24 13:11:10,323
2015-07-24 13:11:11,347
2015-07-24 13:11:12,299
2015-07-24 13:11:13,313
2015-07-24 13:11:14,361
2015-07-24 13:11:15,296
2015-07-24 13:11:16,328
2015-07-24 13:11:17,357
2015-07-24 13:11:18,325
2015-07-24 13:11:19,329
2015-07-24 13:11:20,366
2015-07-24 13:11:21,313
2015-07-24 13:11:22,321
2015-07-24 13:11:23,372
2015-07-24 13:11:24,312
2015-07-24 13:11:25,316
2015-07-24 13:11:26,350
2015-07-24 13:11:27,315
2015-07-24 13:11:28,308
2015-07-24 13:11:29,367
2015-07-24 13:11:30,296
2015-07-24 13:11:31,296
2015-07-24 13:11:32,391
2015-07-24 13:11:33,278
2015-07-24 13:11:34,304
2015-07-24 13:11:35,382
2015-07-24 13:11:36,309
2015-07-24 13:11:37,296
2015-07-24 13:11:38,399
2015-07-24 13:11:39,288
2015-07-24 13:11:40,302
2015-07-24 13:11:41,397
2015-07-24 13:11:42,280
2015-07-24 13:11:43,310
2015-07-24 13:11:44,401
2015-07-24 13:11:45,271
2015-07-24 13:11:46,298
2015-07-24 13:11:47,399
2015-07-24 13:11:48,271
2015-07-24 13:11:49,299
2015-07-24 13:11:50,395
2015-07-24 13:11:51,277
2015-07-24 13:11:52,301
2015-07-24 13:11:53,408
2015-07-24 13:11:54,278
2015-07-24 13:11:55,303
2015-07-24 13:11:56,409
2015-07-24 13:11:57,270
2015-07-24 13:11:58,311
2015-07-24 13:11:59,403
2015-07-24 13:12:00,265
2015-07-24 13:12:01,320
2015-07-24 13:12:02,398
2015-07-24 13:12:03,264
2015-07-24 13:12:04,315
2015-07-24 13:12:05,394
2015-07-24 13:12:06,246
2015-07-24 13:12:07,323
2015-07-24 13:12:08,391
2015-07-24 13:12:09,265
2015-07-24 13:12:10,319
2015-07-24 13:12:11,394
2015-07-24 13:12:12,268
2015-07-24 13:12:13,322
2015-07-24 13:12:14,402
2015-07-24 13:12:15,256
2015-07-24 13:12:16,331
2015-07-24 13:12:17,401
2015-07-24 13:12:18,250
2015-07-24 13:12:19,332
2015-07-24 13:12:20,402
2015-07-24 13:12:21,250
2015-07-24 13:12:22,327
2015-07-24 13:12:23,396
2015-07-24 13:12:24,247
2015-07-24 13:12:25,332
2015-07-24 13:12:26,378
2015-07-24 13:12:27,258
2015-07-24 13:12:28,324
2015-07-24 13:12:29,395
2015-07-24 13:12:30,268
2015-07-24 13:12:31,331
2015-07-24 13:12:32,394
2015-07-24 13:12:33,257
2015-07-24 13:12:34,337
2015-07-24 13:12:35,390
2015-07-24 13:12:36,255
2015-07-24 13:12:37,353
2015-07-24 13:12:38,381
2015-07-24 13:12:39,253
2015-07-24 13:12:40,346
2015-07-24 13:12:41,371
2015-07-24 13:12:42,258
2015-07-24 13:12:43,338
2015-07-24 13:12:44,363
2015-07-24 13:12:45,261
2015-07-24 13:12:46,344
2015-07-24 13:12:47,348
2015-07-24 13:12:48,289
2015-07-24 13:12:49,336
2015-07-24 13:12:50,390
2015-07-24 13:12:51,263
2015-07-24 13:12:52,322
2015-07-24 13:12:53,361
2015-07-24 13:12:54,256
2015-07-24 13:12:55,338
2015-07-24 13:12:56,357
2015-07-24 13:12:57,270
2015-07-24 13:12:58,328
2015-07-24 13:12:59,343
2015-07-24 13:13:00,254
2015-07-24 13:13:01,329
2015-07-24 13:13:02,338
2015-07-24 13:13:03,262
2015-07-24 13:13:04,341
2015-07-24 13:13:05,343
2015-07-24 13:13:06,271
2015-07-24 13:13:07,335
2015-07-24 13:13:08,347
2015-07-24 13:13:09,272
2015-07-24 13:13:10,329
2015-07-24 13:13:11,349
2015-07-24 13:13:12,270
2015-07-24 13:13:13,329
2015-07-24 13:13:14,354
2015-07-24 13:13:15,259
2015-07-24 13:13:16,321
2015-07-24 13:13:17,356
2015-07-24 13:13:18,262
2015-07-24 13:13:19,318
2015-07-24 13:13:20,343
2015-07-24 13:13:21,265
2015-07-24 13:13:22,324
2015-07-24 13:13:23,346
2015-07-24 13:13:24,274
2015-07-24 13:13:25,327
2015-07-24 13:13:26,353
2015-07-24 13:13:27,286
2015-07-24 13:13:28,315
2015-07-24 13:13:29,343
2015-07-24 13:13:30,288
2015-07-24 13:13:31,312
2015-07-24 13:13:32,351
2015-07-24 13:13:33,278
2015-07-24 13:13:34,315
2015-07-24 13:13:35,348
2015-07-24 13:13:36,278
2015-07-24 13:13:37,306
2015-07-24 13:13:38,342
2015-07-24 13:13:39,280
2015-07-24 13:13:40,311
2015-07-24 13:13:41,353
2015-07-24 13:13:42,286
2015-07-24 13:13:43,378
2015-07-24 13:13:44,348
2015-07-24 13:13:45,286
2015-07-24 13:13:46,320
2015-07-24 13:13:47,355
2015-07-24 13:13:48,283
2015-07-24 13:13:49,318
2015-07-24 13:13:50,345
2015-07-24 13:13:51,298
2015-07-24 13:13:52,310
2015-07-24 13:13:53,345
2015-07-24 13:13:54,286
2015-07-24 13:13:55,301
2015-07-24 13:13:56,338
2015-07-24 13:13:57,286
2015-07-24 13:13:58,309
2015-07-24 13:13:59,319
2015-07-24 13:14:00,302
2015-07-24 13:14:01,311
2015-07-24 13:14:02,314
2015-07-24 13:14:03,287
2015-07-24 13:14:04,314
2015-07-24 13:14:05,321
2015-07-24 13:14:06,287
2015-07-24 13:14:07,304
2015-07-24 13:14:08,334
2015-07-24 13:14:09,266
2015-07-24 13:14:10,245
2015-07-24 13:14:11,220
2015-07-24 13:14:12,308
2015-07-24 13:14:13,270
2015-07-24 13:14:14,228
2015-07-24 13:14:15,448
2015-07-24 13:14:16,362
2015-07-24 13:14:17,356
2015-07-24 13:14:18,290
2015-07-24 13:14:19,322
2015-07-24 13:14:20,306
2015-07-24 13:14:21,303
2015-07-24 13:14:22,316
2015-07-24 13:14:23,308
2015-07-24 13:14:24,297
2015-07-24 13:14:25,282
2015-07-24 13:14:26,320
2015-07-24 13:14:27,292
2015-07-24 13:14:28,295
2015-07-24 13:14:29,313
2015-07-24 13:14:30,333
2015-07-24 13:14:31,284
2015-07-24 13:14:32,314
2015-07-24 13:14:33,306
2015-07-24 13:14:34,316
2015-07-24 13:14:35,293
2015-07-24 13:14:36,317
2015-07-24 13:14:37,324
2015-07-24 13:14:38,297
2015-07-24 13:14:39,301
2015-07-24 13:14:40,298
2015-07-24 13:14:41,299
2015-07-24 13:14:42,293
2015-07-24 13:14:43,302
2015-07-24 13:14:44,309
2015-07-24 13:14:45,265
2015-07-24 13:14:46,285
2015-07-24 13:14:47,330
2015-07-24 13:14:48,345
2015-07-24 13:14:50,326
2015-07-24 13:14:51,297
2015-07-24 13:14:52,318
2015-07-24 13:14:53,316
2015-07-24 13:14:54,290
2015-07-24 13:14:55,307
2015-07-24 13:14:56,315
2015-07-24 13:14:57,307
2015-07-24 13:14:58,305
2015-07-24 13:14:59,337
2015-07-24 13:15:00,284
2015-07-24 13:15:01,304
2015-07-24 13:15:02,333
2015-07-24 13:15:03,279
2015-07-24 13:15:04,303
2015-07-24 13:15:05,263
2015-07-24 13:15:06,341
2015-07-24 13:15:07,324
2015-07-24 13:15:08,334
2015-07-24 13:15:09,282
2015-07-24 13:15:10,291
2015-07-24 13:15:11,312
2015-07-24 13:15:12,296
2015-07-24 13:15:13,289
2015-07-24 13:15:14,318
2015-07-24 13:15:15,319
2015-07-24 13:15:16,294
2015-07-24 13:15:17,339
2015-07-24 13:15:18,220
2015-07-24 13:15:19,214
2015-07-24 13:15:20,319
2015-07-24 13:15:21,430
2015-07-24 13:15:22,305
2015-07-24 13:15:23,337
2015-07-24 13:15:24,284
2015-07-24 13:15:25,294
2015-07-24 13:15:26,336
2015-07-24 13:15:27,283
2015-07-24 13:15:28,294
2015-07-24 13:15:29,336
2015-07-24 13:15:30,302
2015-07-24 13:15:31,275
2015-07-24 13:15:32,318
2015-07-24 13:15:33,111
2015-07-24 13:15:34,409
2015-07-24 13:15:35,374
2015-07-24 13:15:36,327
2015-07-24 13:15:37,290
2015-07-24 13:15:38,353
2015-07-24 13:15:39,268
2015-07-24 13:15:40,283
2015-07-24 13:15:41,357
2015-07-24 13:15:42,269
2015-07-24 13:15:43,276
2015-07-24 13:15:44,360
2015-07-24 13:15:45,274
2015-07-24 13:15:46,240
2015-07-24 13:15:47,413
2015-07-24 13:15:48,283
2015-07-24 13:15:49,281
2015-07-24 13:15:50,365
2015-07-24 13:15:51,274
2015-07-24 13:15:52,276
2015-07-24 13:15:53,367
2015-07-24 13:15:54,270
2015-07-24 13:15:55,269
2015-07-24 13:15:56,374
2015-07-24 13:15:57,263
2015-07-24 13:15:58,294
2015-07-24 13:15:59,344
2015-07-24 13:16:00,295
2015-07-24 13:16:01,285
2015-07-24 13:16:02,383
2015-07-24 13:16:03,261
2015-07-24 13:16:04,280
2015-07-24 13:16:05,374
2015-07-24 13:16:06,274
2015-07-24 13:16:07,279
2015-07-24 13:16:08,383
2015-07-24 13:16:09,260
2015-07-24 13:16:10,302
2015-07-24 13:16:11,419
2015-07-24 13:16:12,304
2015-07-24 13:16:13,324
2015-07-24 13:16:14,368
2015-07-24 13:16:15,259
2015-07-24 13:16:16,300
2015-07-24 13:16:17,361
2015-07-24 13:16:18,236
2015-07-24 13:16:19,307
2015-07-24 13:16:20,363
2015-07-24 13:16:21,247
2015-07-24 13:16:22,295
2015-07-24 13:16:23,366
2015-07-24 13:16:24,251
2015-07-24 13:16:25,301
2015-07-24 13:16:26,359
2015-07-24 13:16:27,269
2015-07-24 13:16:28,308
2015-07-24 13:16:29,367
2015-07-24 13:16:30,278
2015-07-24 13:16:31,331
2015-07-24 13:16:32,339
2015-07-24 13:16:33,242
2015-07-24 13:16:34,319
2015-07-24 13:16:35,326
2015-07-24 13:16:36,237
2015-07-24 13:16:37,307
2015-07-24 13:16:38,329
2015-07-24 13:16:39,245
2015-07-24 13:16:40,307
2015-07-24 13:16:41,339
2015-07-24 13:16:42,239
2015-07-24 13:16:43,328
2015-07-24 13:16:44,312
2015-07-24 13:16:45,232
2015-07-24 13:16:46,308
2015-07-24 13:16:47,311
2015-07-24 13:16:48,251
2015-07-24 13:16:49,318
2015-07-24 13:16:50,305
2015-07-24 13:16:51,223
2015-07-24 13:16:52,312
2015-07-24 13:16:53,295
2015-07-24 13:16:54,230
2015-07-24 13:16:55,302
2015-07-24 13:16:56,292
2015-07-24 13:16:57,214
2015-07-24 13:16:58,299
2015-07-24 13:16:59,285
2015-07-24 13:17:00,201
2015-07-24 13:17:01,311
2015-07-24 13:17:02,285
2015-07-24 13:17:03,207
2015-07-24 13:17:04,320
2015-07-24 13:17:05,280
2015-07-24 13:17:06,224
2015-07-24 13:17:07,324
2015-07-24 13:17:08,279
2015-07-24 13:17:09,203
2015-07-24 13:17:10,307
2015-07-24 13:17:11,270
2015-07-24 13:17:12,212
2015-07-24 13:17:13,297
2015-07-24 13:17:14,270
2015-07-24 13:17:15,209
2015-07-24 13:17:16,300
2015-07-24 13:17:17,271
2015-07-24 13:17:18,218
2015-07-24 13:17:19,298
2015-07-24 13:17:20,281
2015-07-24 13:17:21,224
2015-07-24 13:17:22,312
2015-07-24 13:17:23,276
2015-07-24 13:17:24,235
2015-07-24 13:17:25,319
2015-07-24 13:17:26,287
2015-07-24 13:17:27,218
2015-07-24 13:17:28,298
2015-07-24 13:17:29,277
2015-07-24 13:17:30,215
2015-07-24 13:17:31,295
2015-07-24 13:17:32,281
2015-07-24 13:17:33,224
2015-07-24 13:17:34,306
2015-07-24 13:17:35,274
2015-07-24 13:17:36,229
2015-07-24 13:17:37,293
2015-07-24 13:17:38,279
2015-07-24 13:17:39,228
2015-07-24 13:17:40,327
2015-07-24 13:17:41,282
2015-07-24 13:17:42,243
2015-07-24 13:17:43,277
2015-07-24 13:17:44,273
2015-07-24 13:17:45,249
2015-07-24 13:17:46,269
2015-07-24 13:17:47,304
2015-07-24 13:17:48,237
2015-07-24 13:17:49,264
2015-07-24 13:17:50,300
2015-07-24 13:17:51,227
2015-07-24 13:17:52,259
2015-07-24 13:17:53,306
2015-07-24 13:17:54,232
2015-07-24 13:17:55,281
2015-07-24 13:17:56,312
2015-07-24 13:17:57,233
2015-07-24 13:17:58,259
2015-07-24 13:17:59,316
2015-07-24 13:18:00,149
2015-07-24 13:18:01,249
2015-07-24 13:18:02,199
2015-07-24 13:18:03,369
2015-07-24 13:18:04,332
2015-07-24 13:18:05,303
2015-07-24 13:18:06,232
2015-07-24 13:18:07,307
2015-07-24 13:18:08,253
2015-07-24 13:18:09,236
2015-07-24 13:18:10,275
2015-07-24 13:18:11,270
2015-07-24 13:18:12,233
2015-07-24 13:18:13,260
2015-07-24 13:18:14,277
2015-07-24 13:18:15,248
2015-07-24 13:18:16,191
2015-07-24 13:18:17,284
2015-07-24 13:18:18,326
2015-07-24 13:18:19,280
2015-07-24 13:18:20,270
2015-07-24 13:18:21,250
2015-07-24 13:18:22,290
2015-07-24 13:18:23,129
2015-07-24 13:18:25,7
2015-07-24 13:18:26,8
2015-07-24 13:18:27,262
2015-07-24 13:18:28,640
2015-07-24 13:18:29,378
2015-07-24 13:18:30,292
2015-07-24 13:18:31,280
2015-07-24 13:18:32,326
2015-07-24 13:18:33,247
2015-07-24 13:18:34,257
2015-07-24 13:18:35,322
2015-07-24 13:18:36,218
2015-07-24 13:18:37,250
2015-07-24 13:18:38,326
2015-07-24 13:18:39,240
2015-07-24 13:18:40,314
2015-07-24 13:18:41,365
2015-07-24 13:18:42,234
2015-07-24 13:18:43,248
2015-07-24 13:18:44,325
2015-07-24 13:18:45,215
2015-07-24 13:18:46,253
2015-07-24 13:18:47,321
2015-07-24 13:18:48,222
2015-07-24 13:18:49,252
2015-07-24 13:18:50,326
2015-07-24 13:18:51,211
2015-07-24 13:18:52,242
2015-07-24 13:18:53,326
2015-07-24 13:18:54,222
2015-07-24 13:18:55,253
2015-07-24 13:18:56,341
2015-07-24 13:18:57,232
2015-07-24 13:18:58,266
2015-07-24 13:18:59,359
2015-07-24 13:19:00,217
2015-07-24 13:19:01,240
2015-07-24 13:19:02,340
2015-07-24 13:19:03,204
2015-07-24 13:19:04,252
2015-07-24 13:19:05,337
2015-07-24 13:19:06,210
2015-07-24 13:19:07,247
2015-07-24 13:19:08,335
2015-07-24 13:19:09,206
2015-07-24 13:19:10,250
2015-07-24 13:19:11,336
2015-07-24 13:19:12,202
2015-07-24 13:19:13,259
2015-07-24 13:19:14,351
2015-07-24 13:19:15,217
2015-07-24 13:19:16,271
2015-07-24 13:19:17,364
2015-07-24 13:19:18,203
2015-07-24 13:19:19,268
2015-07-24 13:19:20,329
2015-07-24 13:19:21,188
2015-07-24 13:19:22,273
2015-07-24 13:19:23,331
2015-07-24 13:19:24,192
2015-07-24 13:19:25,277
2015-07-24 13:19:26,330
2015-07-24 13:19:27,182
2015-07-24 13:19:28,273
2015-07-24 13:19:29,326
2015-07-24 13:19:30,192
2015-07-24 13:19:31,276
2015-07-24 13:19:32,327
2015-07-24 13:19:33,211
2015-07-24 13:19:34,273
2015-07-24 13:19:35,336
2015-07-24 13:19:36,183
2015-07-24 13:19:37,268
2015-07-24 13:19:38,335
2015-07-24 13:19:39,198
2015-07-24 13:19:40,275
2015-07-24 13:19:41,333
2015-07-24 13:19:42,196
2015-07-24 13:19:43,249
2015-07-24 13:19:44,242
2015-07-24 13:19:45,213
2015-07-24 13:19:46,307
2015-07-24 13:19:47,355
2015-07-24 13:19:48,206
2015-07-24 13:19:49,268
2015-07-24 13:19:50,212
2015-07-24 13:19:51,295
2015-07-24 13:19:52,251
2015-07-24 13:19:53,319
2015-07-24 13:19:54,242
2015-07-24 13:19:55,272
2015-07-24 13:19:56,309
2015-07-24 13:19:57,220
2015-07-24 13:19:58,285
2015-07-24 13:19:59,313
2015-07-24 13:20:00,207
2015-07-24 13:20:01,288
2015-07-24 13:20:02,315
2015-07-24 13:20:03,187
2015-07-24 13:20:04,279
2015-07-24 13:20:05,317
2015-07-24 13:20:06,203
2015-07-24 13:20:07,306
2015-07-24 13:20:08,287
2015-07-24 13:20:09,191
2015-07-24 13:20:10,266
2015-07-24 13:20:11,319
2015-07-24 13:20:12,211
2015-07-24 13:20:13,272
2015-07-24 13:20:14,297
2015-07-24 13:20:15,224
2015-07-24 13:20:16,285
2015-07-24 13:20:17,312
2015-07-24 13:20:18,188
2015-07-24 13:20:19,234
2015-07-24 13:20:20,316
2015-07-24 13:20:21,239
2015-07-24 13:20:22,253
2015-07-24 13:20:23,368
2015-07-24 13:20:24,219
2015-07-24 13:20:25,295
2015-07-24 13:20:26,309
2015-07-24 13:20:27,207
2015-07-24 13:20:28,288
2015-07-24 13:20:29,300
2015-07-24 13:20:30,213
2015-07-24 13:20:31,287
2015-07-24 13:20:32,285
2015-07-24 13:20:33,220
2015-07-24 13:20:34,263
2015-07-24 13:20:35,294
2015-07-24 13:20:36,216
2015-07-24 13:20:37,278
2015-07-24 13:20:38,234
2015-07-24 13:20:39,276
2015-07-24 13:20:40,287
2015-07-24 13:20:41,302
2015-07-24 13:20:42,226
2015-07-24 13:20:43,287
2015-07-24 13:20:44,281
2015-07-24 13:20:45,237
2015-07-24 13:20:46,279
2015-07-24 13:20:47,279
2015-07-24 13:20:48,219
2015-07-24 13:20:49,289
2015-07-24 13:20:50,285
2015-07-24 13:20:51,221
2015-07-24 13:20:52,290
2015-07-24 13:20:53,302
2015-07-24 13:20:54,205
2015-07-24 13:20:55,293
2015-07-24 13:20:56,298
2015-07-24 13:20:57,223
2015-07-24 13:20:58,309
2015-07-24 13:20:59,294
2015-07-24 13:21:00,221
2015-07-24 13:21:01,334
2015-07-24 13:21:02,285
2015-07-24 13:21:03,265
2015-07-24 13:21:04,279
2015-07-24 13:21:05,293
2015-07-24 13:21:06,235
2015-07-24 13:21:07,300
2015-07-24 13:21:08,312
2015-07-24 13:21:09,265
2015-07-24 13:21:10,297
2015-07-24 13:21:11,299
2015-07-24 13:21:12,246
2015-07-24 13:21:13,278
2015-07-24 13:21:14,329
2015-07-24 13:21:15,272
2015-07-24 13:21:16,320
2015-07-24 13:21:17,315
2015-07-24 13:21:18,335
2015-07-24 13:21:19,346
2015-07-24 13:21:20,270
2015-07-24 13:21:21,262
2015-07-24 13:21:22,311
2015-07-24 13:21:23,290
2015-07-24 13:21:24,272
2015-07-24 13:21:25,319
2015-07-24 13:21:26,279
2015-07-24 13:21:27,285
2015-07-24 13:21:28,344
2015-07-24 13:21:29,307
2015-07-24 13:21:30,282
2015-07-24 13:21:31,350
2015-07-24 13:21:32,250
2015-07-24 13:21:33,245
2015-07-24 13:21:34,351
2015-07-24 13:21:35,250
2015-07-24 13:21:36,280
2015-07-24 13:21:37,314
2015-07-24 13:21:38,248
2015-07-24 13:21:39,256
2015-07-24 13:21:40,317
2015-07-24 13:21:41,228
2015-07-24 13:21:42,262
2015-07-24 13:21:43,316
2015-07-24 13:21:45,253
2015-07-24 13:21:46,266
2015-07-24 13:21:47,301
2015-07-24 13:21:48,238
2015-07-24 13:21:49,241
2015-07-24 13:21:50,306
2015-07-24 13:21:51,241
2015-07-24 13:21:52,243
2015-07-24 13:21:53,296
2015-07-24 13:21:54,267
2015-07-24 13:21:55,194
2015-07-24 13:21:56,199
2015-07-24 13:21:57,196
2015-07-24 13:21:58,169
2015-07-24 13:21:59,295
2015-07-24 13:22:00,383
2015-07-24 13:22:01,369
2015-07-24 13:22:02,368
2015-07-24 13:22:03,224
2015-07-24 13:22:04,244
2015-07-24 13:22:05,290
2015-07-24 13:22:06,196
2015-07-24 13:22:07,288
2015-07-24 13:22:08,337
2015-07-24 13:22:09,217
2015-07-24 13:22:10,234
2015-07-24 13:22:11,337
2015-07-24 13:22:12,213
2015-07-24 13:22:13,251
2015-07-24 13:22:14,314
2015-07-24 13:22:15,242
2015-07-24 13:22:16,251
2015-07-24 13:22:17,312
2015-07-24 13:22:18,218
2015-07-24 13:22:19,201
2015-07-24 13:22:20,180
2015-07-24 13:22:21,211
2015-07-24 13:22:22,228
2015-07-24 13:22:23,334
2015-07-24 13:22:24,254
2015-07-24 13:22:25,268
2015-07-24 13:22:26,179
2015-07-24 13:22:27,296
2015-07-24 13:22:28,135
2015-07-24 13:22:29,283
2015-07-24 13:22:30,271
2015-07-24 13:22:31,322
2015-07-24 13:22:32,367
2015-07-24 13:22:33,284
2015-07-24 13:22:34,405
2015-07-24 13:22:35,393
2015-07-24 13:22:36,240
2015-07-24 13:22:37,277
2015-07-24 13:22:38,341
2015-07-24 13:22:39,219
2015-07-24 13:22:40,304
2015-07-24 13:22:41,366
2015-07-24 13:22:42,214
2015-07-24 13:22:43,274
2015-07-24 13:22:44,343
2015-07-24 13:22:45,186
2015-07-24 13:22:46,264
2015-07-24 13:22:47,337
2015-07-24 13:22:48,206
2015-07-24 13:22:49,277
2015-07-24 13:22:50,341
2015-07-24 13:22:51,204
2015-07-24 13:22:52,294
2015-07-24 13:22:53,321
2015-07-24 13:22:54,198
2015-07-24 13:22:55,264
2015-07-24 13:22:56,352
2015-07-24 13:22:57,203
2015-07-24 13:22:58,274
2015-07-24 13:22:59,219
2015-07-24 13:23:00,270
2015-07-24 13:23:01,271
2015-07-24 13:23:02,309
2015-07-24 13:23:03,145
2015-07-24 13:23:04,265
2015-07-24 13:23:05,159
2015-07-24 13:23:06,86
2015-07-24 13:23:07,162
2015-07-24 13:23:08,252
2015-07-24 13:23:09,261
2015-07-24 13:23:10,117
2015-07-24 13:23:11,283
2015-07-24 13:23:12,367
2015-07-24 13:23:13,406
2015-07-24 13:23:14,388
2015-07-24 13:23:15,331
2015-07-24 13:23:16,284
2015-07-24 13:23:17,327
2015-07-24 13:23:18,208
2015-07-24 13:23:19,243
2015-07-24 13:23:20,297
2015-07-24 13:23:21,231
2015-07-24 13:23:22,265
2015-07-24 13:23:23,294
2015-07-24 13:23:24,167
2015-07-24 13:23:25,211
2015-07-24 13:23:26,335
2015-07-24 13:23:27,231
2015-07-24 13:23:28,246
2015-07-24 13:23:29,245
2015-07-24 13:23:30,302
2015-07-24 13:23:31,299
2015-07-24 13:23:32,341
2015-07-24 13:23:33,237
2015-07-24 13:23:34,273
2015-07-24 13:23:35,293
2015-07-24 13:23:36,225
2015-07-24 13:23:37,296
2015-07-24 13:23:38,263
2015-07-24 13:23:39,222
2015-07-24 13:23:40,271
2015-07-24 13:23:41,294
2015-07-24 13:23:42,229
2015-07-24 13:23:43,288
2015-07-24 13:23:44,245
2015-07-24 13:23:45,256
2015-07-24 13:23:46,231
2015-07-24 13:23:47,134
2015-07-24 13:23:48,241
2015-07-24 13:23:49,244
2015-07-24 13:23:50,249
2015-07-24 13:23:51,317
2015-07-24 13:23:52,269
2015-07-24 13:23:53,128
2015-07-24 13:23:54,271
2015-07-24 13:23:55,348
2015-07-24 13:23:56,322
2015-07-24 13:23:57,278
2015-07-24 13:23:58,344
2015-07-24 13:23:59,288
2015-07-24 13:24:00,225
2015-07-24 13:24:01,386
2015-07-24 13:24:02,280
2015-07-24 13:24:03,259
2015-07-24 13:24:04,301
2015-07-24 13:24:05,279
2015-07-24 13:24:06,244
2015-07-24 13:24:07,292
2015-07-24 13:24:08,256
2015-07-24 13:24:09,248
2015-07-24 13:24:10,280
2015-07-24 13:24:11,263
2015-07-24 13:24:12,248
2015-07-24 13:24:13,289
2015-07-24 13:24:14,259
2015-07-24 13:24:15,219
2015-07-24 13:24:16,220
2015-07-24 13:24:17,347
2015-07-24 13:24:18,255
2015-07-24 13:24:19,279
2015-07-24 13:24:20,256
2015-07-24 13:24:21,217
2015-07-24 13:24:22,294
2015-07-24 13:24:23,276
2015-07-24 13:24:24,254
2015-07-24 13:24:25,305
2015-07-24 13:24:26,255
2015-07-24 13:24:27,258
2015-07-24 13:24:28,298
2015-07-24 13:24:29,246
2015-07-24 13:24:30,245
2015-07-24 13:24:31,260
2015-07-24 13:24:32,231
2015-07-24 13:24:33,161
2015-07-24 13:24:34,223
2015-07-24 13:24:35,301
2015-07-24 13:24:36,282
2015-07-24 13:24:38,197
2015-07-24 13:24:39,242
2015-07-24 13:24:40,242
2015-07-24 13:24:41,309
2015-07-24 13:24:42,333
2015-07-24 13:24:43,300
2015-07-24 13:24:44,359
2015-07-24 13:24:45,224
2015-07-24 13:24:46,257
2015-07-24 13:24:47,303
2015-07-24 13:24:48,211
2015-07-24 13:24:49,236
2015-07-24 13:24:50,272
2015-07-24 13:24:51,225
2015-07-24 13:24:52,242
2015-07-24 13:24:53,240
2015-07-24 13:24:54,271
2015-07-24 13:24:55,246
2015-07-24 13:24:56,233
2015-07-24 13:24:57,271
2015-07-24 13:24:58,225
2015-07-24 13:24:59,323
2015-07-24 13:25:00,214
2015-07-24 13:25:01,236
2015-07-24 13:25:02,144
2015-07-24 13:25:03,326
2015-07-24 13:25:04,241
2015-07-24 13:25:05,236
2015-07-24 13:25:06,298
2015-07-24 13:25:07,251
2015-07-24 13:25:08,305
2015-07-24 13:25:09,208
2015-07-24 13:25:10,236
2015-07-24 13:25:11,306
2015-07-24 13:25:12,215
2015-07-24 13:25:13,238
2015-07-24 13:25:14,311
2015-07-24 13:25:15,230
2015-07-24 13:25:16,244
2015-07-24 13:25:17,344
2015-07-24 13:25:18,236
2015-07-24 13:25:19,280
2015-07-24 13:25:20,349
2015-07-24 13:25:21,313
2015-07-24 13:25:22,346
2015-07-24 13:25:23,340
2015-07-24 13:25:24,236
2015-07-24 13:25:25,268
2015-07-24 13:25:26,345
2015-07-24 13:25:27,207
2015-07-24 13:25:28,278
2015-07-24 13:25:29,331
2015-07-24 13:25:30,217
2015-07-24 13:25:31,259
2015-07-24 13:25:32,328
2015-07-24 13:25:33,220
2015-07-24 13:25:34,254
2015-07-24 13:25:35,319
2015-07-24 13:25:36,234
2015-07-24 13:25:37,315
2015-07-24 13:25:38,395
2015-07-24 13:25:39,250
2015-07-24 13:25:40,353
2015-07-24 13:25:41,423
2015-07-24 13:25:42,294
2015-07-24 13:25:43,396
2015-07-24 13:25:44,434
2015-07-24 13:25:45,285
2015-07-24 13:25:46,277
2015-07-24 13:25:47,297
2015-07-24 13:25:48,249
2015-07-24 13:25:49,319
2015-07-24 13:25:50,302
2015-07-24 13:25:51,223
2015-07-24 13:25:52,292
2015-07-24 13:25:53,281
2015-07-24 13:25:54,176
2015-07-24 13:25:55,337
2015-07-24 13:25:56,339
2015-07-24 13:25:57,233
2015-07-24 13:25:58,275
2015-07-24 13:25:59,280
2015-07-24 13:26:00,175
2015-07-24 13:26:01,276
2015-07-24 13:26:02,259
2015-07-24 13:26:03,169
2015-07-24 13:26:04,272
2015-07-24 13:26:05,262
2015-07-24 13:26:06,176
2015-07-24 13:26:07,277
2015-07-24 13:26:08,278
2015-07-24 13:26:09,176
2015-07-24 13:26:10,298
2015-07-24 13:26:11,289
2015-07-24 13:26:12,185
2015-07-24 13:26:13,304
2015-07-24 13:26:14,298
2015-07-24 13:26:15,195
2015-07-24 13:26:16,281
2015-07-24 13:26:17,259
2015-07-24 13:26:18,170
2015-07-24 13:26:19,282
2015-07-24 13:26:20,247
2015-07-24 13:26:21,188
2015-07-24 13:26:22,287
2015-07-24 13:26:23,250
2015-07-24 13:26:24,182
2015-07-24 13:26:25,288
2015-07-24 13:26:26,265
2015-07-24 13:26:27,188
2015-07-24 13:26:28,299
2015-07-24 13:26:29,274
2015-07-24 13:26:30,202
2015-07-24 13:26:31,290
2015-07-24 13:26:32,274
2015-07-24 13:26:33,201
2015-07-24 13:26:34,277
2015-07-24 13:26:35,242
2015-07-24 13:26:36,191
2015-07-24 13:26:37,266
2015-07-24 13:26:38,258
2015-07-24 13:26:39,205
2015-07-24 13:26:40,267
2015-07-24 13:26:41,242
2015-07-24 13:26:42,203
2015-07-24 13:26:43,263
2015-07-24 13:26:44,263
2015-07-24 13:26:45,213
2015-07-24 13:26:46,287
2015-07-24 13:26:47,255
2015-07-24 13:26:48,215
2015-07-24 13:26:49,287
2015-07-24 13:26:50,262
2015-07-24 13:26:51,217
2015-07-24 13:26:52,265
2015-07-24 13:26:53,232
2015-07-24 13:26:54,210
2015-07-24 13:26:55,260
2015-07-24 13:26:56,242
2015-07-24 13:26:57,215
2015-07-24 13:26:58,263
2015-07-24 13:26:59,231
2015-07-24 13:27:00,215
2015-07-24 13:27:01,270
2015-07-24 13:27:02,242
2015-07-24 13:27:03,223
2015-07-24 13:27:04,276
2015-07-24 13:27:05,256
2015-07-24 13:27:06,228
2015-07-24 13:27:07,262
2015-07-24 13:27:08,240
2015-07-24 13:27:09,53
